,Row,Column,Value
1,czarnikow,maximize,0.40109902808653575
0,czarnikow,finally,0.4176746529055653
2,czarnikow,narrow,0.4183706351717014
4,finally,narrow,0.6819345848959218
3,finally,maximize,0.7229214165498312
5,maximize,narrow,0.7337745363091651
