,Row,Column,Value
0,gate,outweigh,0.5652825733132695
2,outweigh,violate,0.6111775926015968
1,gate,violate,0.7756778178349274
