,Row,Column,Value
0,austerity,lear,0.5265237920873116
1,austerity,somewhat,0.5639126041369562
2,austerity,unstable,0.6282357305948604
4,lear,unstable,0.7847537857604486
3,lear,somewhat,0.7923719140666892
5,somewhat,unstable,0.8561807840009347
