,Row,Column,Value
4,morning,unitholders,0.63218357275052
5,safety,unitholders,0.7153365270356706
2,inability,unitholders,0.7175727164865255
0,inability,morning,0.7205191523361503
3,morning,safety,0.7729345536999533
1,inability,safety,0.7860261410296653
