,Row,Column,Value
1,constitute,netback,0.6479663544502914
5,netback,safe,0.68259742428626
3,fargo,netback,0.7368275241886344
4,fargo,safe,0.7722949592707984
0,constitute,fargo,0.7732264531100959
2,constitute,safe,0.7736055685242125
