,Row,Column,Value
5,ingot,zambian,0.5487199425358361
2,determination,zambian,0.6095955789882157
4,head,zambian,0.6257168039131038
3,head,ingot,0.718069571400181
1,determination,ingot,0.7348096586612709
0,determination,head,0.7956107107515586
