,Row,Column,Value
1,formula,spr,0.5639348009864106
5,spr,unknown,0.6384404131048701
0,formula,inter,0.6391866395119662
2,formula,unknown,0.645207537096032
4,inter,unknown,0.6759270065568833
3,inter,spr,0.7198388173713364
