,Row,Column,Value
0,critical,prop,0.5013927693476379
1,critical,quaker,0.5525808663405067
2,prop,quaker,0.6420595549834431
