,Row,Column,Value
1,archer,dwt,0.627185781210594
2,daniel,dwt,0.6422091211639305
0,archer,daniel,0.8928089368453181
