,Row,Column,Value
1,ford,ltv,0.6286839316366791
0,ford,frame,0.6821941565391674
2,frame,ltv,0.7063937266419554
