,Row,Column,Value
3,ibm,minus,0.59790852729858
4,ibm,rebound,0.6953326679538469
0,cycle,ibm,0.7065190265831631
5,minus,rebound,0.7730688281245311
1,cycle,minus,0.793378717844844
2,cycle,rebound,0.8454762117549616
