,Row,Column,Value
4,blood,quest,0.6093692749233341
0,alza,blood,0.6495542270163157
3,blood,northair,0.6567282383935238
5,northair,quest,0.7365759350513497
2,alza,quest,0.7462690709280478
1,alza,northair,0.8015309830944077
