,Row,Column,Value
4,imatron,police,0.5504255597146527
0,bhp,imatron,0.5745761888271745
5,imatron,toyota,0.6229207572775609
1,bhp,police,0.6287642711747128
7,police,toyota,0.6536299441055988
6,imatron,utah,0.6688335464669007
8,police,utah,0.6795853093506942
3,bhp,utah,0.6899165227086217
9,toyota,utah,0.7223396840345672
2,bhp,toyota,0.8022932835801706
