,Row,Column,Value
2,interconnect,learjet,0.508045950775834
0,gate,interconnect,0.54926627993806
1,gate,learjet,0.560114372651764
