,Row,Column,Value
1,consists,photograph,0.7106086053912203
2,involves,photograph,0.7240248398453994
0,consists,involves,0.7801906427365374
