,Row,Column,Value
0,chuck,daily,0.645515192091731
5,daily,valley,0.6762005629126197
4,daily,grass,0.6831598508803509
8,grass,verse,0.6851914282544904
6,daily,verse,0.6860024340968637
1,chuck,grass,0.7159776030939667
9,valley,verse,0.7162755935559387
7,grass,valley,0.7676897028923999
3,chuck,verse,0.7718659368063286
2,chuck,valley,0.7943666235853993
