,Row,Column,Value
4,integer,louisiana,0.5757767507072408
0,divide,integer,0.6548615893870994
5,integer,speedy,0.656090547538194
6,integer,zero,0.7310519025515734
8,louisiana,zero,0.7495971243098066
3,divide,zero,0.7569586613477735
7,louisiana,speedy,0.7688397413266481
9,speedy,zero,0.7811044084581592
1,divide,louisiana,0.7895935035939678
2,divide,speedy,0.8395267915605427
