,Row,Column,Value
0,grass,valley,0.7676897028923999
0,grass,valley,0.7676897028923999
