,Row,Column,Value
3,csutexasedu,dimension,0.5197139703254317
5,dimension,uucp_uunet,0.6119811792571472
4,csutexasedu,uucp_uunet,0.617972171144634
1,buedu,dimension,0.6679540759561615
0,buedu,csutexasedu,0.6948215991202871
2,buedu,uucp_uunet,0.6981029214939563
