,Row,Column,Value
0,gardner,gorbachev,0.38605890130196574
3,gorbachev,grocery,0.3929076286862551
4,gorbachev,samjens,0.44049305036294073
2,gardner,samjens,0.5785340718815799
5,grocery,samjens,0.5934998361542291
1,gardner,grocery,0.7026159437126543
