,Row,Column,Value
1,keersmaeker,retire,0.3573800517913242
0,keersmaeker,milling,0.4226783435070412
5,retire,vogtle,0.5743190635571046
2,keersmaeker,vogtle,0.575200974930334
3,milling,retire,0.6517084745079438
4,milling,vogtle,0.6982400741435225
1,keersmaeker,retire,0.3573800517913242
0,keersmaeker,milling,0.4226783435070412
5,retire,vogtle,0.5743190635571046
2,keersmaeker,vogtle,0.575200974930334
3,milling,retire,0.6517084745079438
4,milling,vogtle,0.6982400741435225
