,Row,Column,Value
0,employ,miguel,0.728919564830909
2,miguel,petition,0.7327392407980236
1,employ,petition,0.7885105841154574
0,employ,miguel,0.728919564830909
2,miguel,petition,0.7327392407980236
1,employ,petition,0.7885105841154574
