,Row,Column,Value
8,papandreou,timely,0.38183005938749226
1,confirmation,papandreou,0.3840990443270682
7,papandreou,ray,0.4242787064556812
4,corporation,papandreou,0.4250929424989701
5,corporation,ray,0.8059819444907789
6,corporation,timely,0.8178084711705559
9,ray,timely,0.8235141022221486
0,confirmation,corporation,0.8331063843270126
2,confirmation,ray,0.8337671745864125
3,confirmation,timely,0.8523398152118
