,Row,Column,Value
0,netback,safe,0.68259742428626
0,netback,safe,0.68259742428626
