,Row,Column,Value
1,bob,unresolved,0.510629924460166
3,malcolm,unresolved,0.521299355517103
5,unresolved,vital,0.5732300479128022
2,bob,vital,0.7006958447664788
0,bob,malcolm,0.78248338051226
4,malcolm,vital,0.7882666978437098
1,bob,unresolved,0.510629924460166
3,malcolm,unresolved,0.521299355517103
5,unresolved,vital,0.5732300479128022
2,bob,vital,0.7006958447664788
0,bob,malcolm,0.78248338051226
4,malcolm,vital,0.7882666978437098
