,Row,Column,Value
6,erosion,unocal,0.6298496757747032
0,broke,erosion,0.6299469992859317
5,erosion,suitor,0.6379891983945877
9,suitor,unocal,0.6577920842709586
4,erosion,signing,0.6606017020616372
8,signing,unocal,0.6659125897113264
2,broke,suitor,0.669397786091298
3,broke,unocal,0.6714657602587963
7,signing,suitor,0.7128266832751593
1,broke,signing,0.7938596771433977
