,Row,Column,Value
7,peaked,physic,0.5072147359225415
5,bros,physic,0.5155765808521907
2,advanced,physic,0.5441039133816262
9,physic,thai,0.5643189952001716
0,advanced,bros,0.5799388662162412
6,bros,thai,0.5917920114734047
8,peaked,thai,0.6316660518045395
3,advanced,thai,0.6508217008804101
1,advanced,peaked,0.6970365530071899
4,bros,peaked,0.7641625898177891
