,Row,Column,Value
2,eighth,gradually,0.6481656679275603
0,counsel,eighth,0.6519362424790571
1,counsel,gradually,0.6539723038598373
2,eighth,gradually,0.6481656679275603
0,counsel,eighth,0.6519362424790571
1,counsel,gradually,0.6539723038598373
