,Row,Column,Value
1,czarnikow,maximize,0.40109902808653575
0,czarnikow,finally,0.4176746529055653
2,finally,maximize,0.7229214165498312
1,czarnikow,maximize,0.40109902808653575
0,czarnikow,finally,0.4176746529055653
2,finally,maximize,0.7229214165498312
