,Row,Column,Value
3,march,nobody,0.5737773529120804
0,gather,march,0.5930174468971309
4,march,vehicle,0.6087599134689958
2,gather,vehicle,0.7285489187854609
1,gather,nobody,0.7332203081009387
5,nobody,vehicle,0.7638985931330348
