,Row,Column,Value
0,amend,played,0.6566440450178342
2,played,thin,0.6733772435375485
1,amend,thin,0.8192161305807529
0,amend,played,0.6566440450178342
2,played,thin,0.6733772435375485
1,amend,thin,0.8192161305807529
