,Row,Column,Value
0,parity,rock,0.5731668582614055
1,parity,zccm,0.6186804464549029
2,rock,zccm,0.6510351186067287
