,Row,Column,Value
0,dinar,escalation,0.5908167903717341
3,escalation,harbour,0.6093955146932345
1,dinar,harbour,0.6235475823515135
2,dinar,warehouse,0.628736524579611
4,escalation,warehouse,0.6461196455582753
5,harbour,warehouse,0.8559480277386842
0,dinar,escalation,0.5908167903717341
3,escalation,harbour,0.6093955146932345
1,dinar,harbour,0.6235475823515135
2,dinar,warehouse,0.628736524579611
4,escalation,warehouse,0.6461196455582753
5,harbour,warehouse,0.8559480277386842
