,Row,Column,Value
0,motor,weigh,0.8203584366646457
0,motor,weigh,0.8203584366646457
