,Row,Column,Value
2,baird,greece,0.6445137290344517
1,baird,gelco,0.6583453345147411
5,gelco,greece,0.6774283942882453
0,baird,disney,0.6970926861250407
4,disney,greece,0.706755643602762
3,disney,gelco,0.7250366394135638
