,Row,Column,Value
0,arizona,endanger,0.6388695864602028
2,endanger,gould,0.6435071124511056
1,arizona,gould,0.680630018592087
0,arizona,endanger,0.6388695864602028
2,endanger,gould,0.6435071124511056
1,arizona,gould,0.680630018592087
