,Row,Column,Value
21,copra,ultimately,0.5021748130669107
13,challenge,copra,0.5137310972085205
18,copra,discharge,0.535576170508135
2,attractive,copra,0.5467702406445674
19,copra,lease,0.5815152972982709
27,panama,ultimately,0.5986920388330736
16,challenge,panama,0.6020961751203118
20,copra,panama,0.6039491609171913
8,cargill,copra,0.6103123417284786
5,attractive,panama,0.6304267188029973
23,discharge,panama,0.6433397623049302
11,cargill,panama,0.6504331820806013
25,lease,panama,0.6668919157766892
7,cargill,challenge,0.6730969249838749
12,cargill,ultimately,0.6843979858977751
9,cargill,discharge,0.6954532864191612
0,attractive,cargill,0.702353650077269
6,attractive,ultimately,0.702371840179668
24,discharge,ultimately,0.7129334393890296
17,challenge,ultimately,0.7157988185086501
1,attractive,challenge,0.7220918278185225
3,attractive,discharge,0.7329336504378263
14,challenge,discharge,0.739588762580401
10,cargill,lease,0.7450320864423892
26,lease,ultimately,0.7646717318671271
15,challenge,lease,0.7690968933789869
4,attractive,lease,0.7773237436388922
22,discharge,lease,0.819513918414558
21,copra,ultimately,0.5021748130669107
13,challenge,copra,0.5137310972085205
18,copra,discharge,0.535576170508135
2,attractive,copra,0.5467702406445674
19,copra,lease,0.5815152972982709
27,panama,ultimately,0.5986920388330736
16,challenge,panama,0.6020961751203118
20,copra,panama,0.6039491609171913
8,cargill,copra,0.6103123417284786
5,attractive,panama,0.6304267188029973
23,discharge,panama,0.6433397623049302
11,cargill,panama,0.6504331820806013
25,lease,panama,0.6668919157766892
7,cargill,challenge,0.6730969249838749
12,cargill,ultimately,0.6843979858977751
9,cargill,discharge,0.6954532864191612
0,attractive,cargill,0.702353650077269
6,attractive,ultimately,0.702371840179668
24,discharge,ultimately,0.7129334393890296
17,challenge,ultimately,0.7157988185086501
1,attractive,challenge,0.7220918278185225
3,attractive,discharge,0.7329336504378263
14,challenge,discharge,0.739588762580401
10,cargill,lease,0.7450320864423892
26,lease,ultimately,0.7646717318671271
15,challenge,lease,0.7690968933789869
4,attractive,lease,0.7773237436388922
22,discharge,lease,0.819513918414558
