,Row,Column,Value
1,emphasize,nspa,0.5914676852595692
0,emphasize,gabelli,0.6119960852068133
2,gabelli,nspa,0.6419518766244974
1,emphasize,nspa,0.5914676852595692
0,emphasize,gabelli,0.6119960852068133
2,gabelli,nspa,0.6419518766244974
