,Row,Column,Value
14,dipped,packer,0.4241861123059918
24,packer,substitute,0.4662499233642068
23,packer,shower,0.4765005549691079
22,packer,rand,0.4782764555002992
17,dipped,substitute,0.4921595254323661
10,deplete,rand,0.5004438941153835
12,deplete,substitute,0.5037600234017161
26,rand,substitute,0.5094290058376549
9,deplete,packer,0.5160782297569753
0,cooper,deplete,0.5299332185505131
16,dipped,shower,0.5341355648337378
7,deplete,dipped,0.5356742317236723
25,rand,shower,0.5568964567924651
8,deplete,michigan,0.5568997661509083
13,dipped,michigan,0.5614174765763776
20,michigan,shower,0.5670324969944972
21,michigan,substitute,0.5769354519886984
27,shower,substitute,0.579448560780151
3,cooper,packer,0.5841507010188586
6,cooper,substitute,0.588511922503383
18,michigan,packer,0.5939344092492808
5,cooper,shower,0.6048092250544976
11,deplete,shower,0.6066356354278547
19,michigan,rand,0.62743115947074
15,dipped,rand,0.6475982922924012
1,cooper,dipped,0.6647071630244976
4,cooper,rand,0.6845068207035336
2,cooper,michigan,0.7047891894394273
