,Row,Column,Value
4,bentsen,circulate,0.4408173876811438
7,circulate,lehman,0.46929133607164664
8,circulate,xuto,0.4827841919366509
1,adoption,circulate,0.5137396963789995
0,adoption,bentsen,0.6036294064747662
6,bentsen,xuto,0.6784073535918765
5,bentsen,lehman,0.6793934436778875
3,adoption,xuto,0.6925542243545074
9,lehman,xuto,0.7043503217773777
2,adoption,lehman,0.7673239949966071
