,Row,Column,Value
4,giorgio,telephone,0.6531460337751294
3,giorgio,rochester,0.6806819964101984
5,rochester,telephone,0.700583783481285
2,avon,telephone,0.7172135021550818
0,avon,giorgio,0.7212488693987096
1,avon,rochester,0.7663720464351795
