,Row,Column,Value
3,fish,hoechst,0.41349041419151455
1,celanese,hoechst,0.4280851970482983
5,hoechst,meal,0.4384009714625348
2,celanese,meal,0.5010845488455663
0,celanese,fish,0.5746299424767229
4,fish,meal,0.684463324136633
