,Row,Column,Value
2,mhi,mitsubishi,0.6280397572281009
0,itoh,mhi,0.6287957675181898
1,itoh,mitsubishi,0.6603613390335312
