,Row,Column,Value
0,cornelissen,montagu,0.3561223696458376
1,cornelissen,royal,0.37118534038194
2,montagu,royal,0.7126466707621324
