,Row,Column,Value
0,amr,engine,0.5265941486201252
2,amr,plane,0.5384252554601165
1,amr,ge,0.6213627808230874
3,engine,ge,0.7450789785083219
4,engine,plane,0.8120986388117133
5,ge,plane,0.8169174596257962
