,Row,Column,Value
2,giorgio,hawkeye,0.6012526761631825
1,avon,hawkeye,0.6208898318454878
0,avon,giorgio,0.7212488693987096
