,Row,Column,Value
11,na,robusta,0.5312214937205642
12,nobel,pb,0.555928629941554
14,pb,robusta,0.5574788821470742
7,cherry,pb,0.5893670147235536
10,na,pb,0.6034208620533797
3,bulk,pb,0.6189037067358323
9,na,nobel,0.6352380616189167
5,cherry,na,0.6504423752418882
8,cherry,robusta,0.6638541158806891
4,bulk,robusta,0.6860034356132926
13,nobel,robusta,0.7070584603658233
1,bulk,na,0.7149362911801035
6,cherry,nobel,0.7312402190170941
0,bulk,cherry,0.7869160168213163
2,bulk,nobel,0.8105814259258199
