,Row,Column,Value
3,forint,hungary,0.5278113656279205
1,dwt,hungary,0.5691441729384941
4,forint,mti,0.6316611317229289
5,hungary,mti,0.6579879651863212
0,dwt,forint,0.6724522397804045
2,dwt,mti,0.7524106104530587
