,Row,Column,Value
0,nabisco,presence,0.37906770603601764
1,nabisco,usual,0.4259201526297824
2,presence,usual,0.7808572785899097
