,Row,Column,Value
0,cautious,lpg,0.6795811019556686
4,lpg,modify,0.6800108742748048
3,lpg,modification,0.7376580378509653
1,cautious,modification,0.8039014622798135
2,cautious,modify,0.804962805511346
5,modification,modify,0.8480054135115871
