,Row,Column,Value
0,precipitation,presence,0.5286250546246959
1,precipitation,usual,0.6042898201592909
2,presence,usual,0.7808572785899097
