,Row,Column,Value
0,diversify,mthly,0.7099371129910776
2,mthly,purchasing,0.7456471105172898
1,diversify,purchasing,0.7847951874833181
