,Row,Column,Value
4,barwon,separately,0.5939541657964434
3,barwon,hk,0.6092453486421358
0,arc,barwon,0.6184064428513343
5,hk,separately,0.7681814579171291
2,arc,separately,0.8014511775711419
1,arc,hk,0.809858607403693
