,Row,Column,Value
1,annualised,promotion,0.598478066489073
4,liability,promotion,0.6423376792298375
7,promotion,unusual,0.6555679752371961
8,promotion,unusually,0.6574669626169205
0,annualised,liability,0.668294668484252
3,annualised,unusually,0.689799111393366
2,annualised,unusual,0.6996912904681418
5,liability,unusual,0.824317870219825
6,liability,unusually,0.8302298028758025
9,unusual,unusually,0.9062449054545418
