,Row,Column,Value
3,fahd,keersmaeker,0.38267781105258003
1,definite,keersmaeker,0.4015091924546829
0,definite,fahd,0.44651374819876277
4,fahd,vogtle,0.4665433081365644
5,keersmaeker,vogtle,0.575200974930334
2,definite,vogtle,0.6845825648104086
