,Row,Column,Value
1,fail,moderately,0.7753698818050492
0,fail,flexible,0.7889195177349728
5,moderately,shrink,0.7965726097070509
3,flexible,moderately,0.8245374749939213
2,fail,shrink,0.8658466857062194
4,flexible,shrink,0.8737636145166578
