,Row,Column,Value
1,bob,vital,0.7006958447664788
0,bob,malcolm,0.78248338051226
2,malcolm,vital,0.7882666978437098
