,Row,Column,Value
3,heck,saatchi,0.36748404587890127
1,cleveland,saatchi,0.3814620882673075
5,saatchi,viner,0.4164877095035439
4,heck,viner,0.6163026494550249
0,cleveland,heck,0.7291177606080361
2,cleveland,viner,0.7401493295604361
