,Row,Column,Value
2,symbion,warburg,0.5068864342939586
1,pincus,warburg,0.5501822331068643
0,pincus,symbion,0.6533180027076114
