,Row,Column,Value
2,henley,sante,0.5937128318372326
1,fe,sante,0.6418337656749318
0,fe,henley,0.7354195928155587
2,henley,sante,0.5937128318372326
1,fe,sante,0.6418337656749318
0,fe,henley,0.7354195928155587
