,Row,Column,Value
5,rank,xerox,0.42420774302520875
2,avana,xerox,0.4455059174955257
4,hovis,xerox,0.5120838914988517
1,avana,rank,0.6416531549040492
3,hovis,rank,0.679260476229038
0,avana,hovis,0.7452408067241841
5,rank,xerox,0.42420774302520875
2,avana,xerox,0.4455059174955257
4,hovis,xerox,0.5120838914988517
1,avana,rank,0.6416531549040492
3,hovis,rank,0.679260476229038
0,avana,hovis,0.7452408067241841
