,Row,Column,Value
3,geigy,physic,0.5550529335676628
5,physic,spectrum,0.5918112918456733
0,ciba,geigy,0.6125996592269874
1,ciba,physic,0.6255084814611681
4,geigy,spectrum,0.625569491740678
2,ciba,spectrum,0.6995727088353807
