,Row,Column,Value
2,kong,li,0.8071990841443841
1,cheung,li,0.8475151968666219
0,cheung,kong,0.8914061707962714
2,kong,li,0.8071990841443841
1,cheung,li,0.8475151968666219
0,cheung,kong,0.8914061707962714
