,Row,Column,Value
11,foresaw,sony,0.5178433096559566
10,foresaw,schneider,0.5440519526220322
5,cie,foresaw,0.5555591359175853
9,foresaw,sat,0.5729913322047794
1,cgct,foresaw,0.6280080452928486
4,cgct,sony,0.6478554512088567
3,cgct,schneider,0.6570546876828155
8,cie,sony,0.6627494583793139
0,cgct,cie,0.6698419559542788
7,cie,schneider,0.70989728081262
6,cie,sat,0.7109382339717839
2,cgct,sat,0.7148040650730658
13,sat,sony,0.7288510677949038
14,schneider,sony,0.7473283407401551
12,sat,schneider,0.7498652808855278
11,foresaw,sony,0.5178433096559566
10,foresaw,schneider,0.5440519526220322
5,cie,foresaw,0.5555591359175853
9,foresaw,sat,0.5729913322047794
1,cgct,foresaw,0.6280080452928486
4,cgct,sony,0.6478554512088567
3,cgct,schneider,0.6570546876828155
8,cie,sony,0.6627494583793139
0,cgct,cie,0.6698419559542788
7,cie,schneider,0.70989728081262
6,cie,sat,0.7109382339717839
2,cgct,sat,0.7148040650730658
13,sat,sony,0.7288510677949038
14,schneider,sony,0.7473283407401551
12,sat,schneider,0.7498652808855278
