,Row,Column,Value
2,cwt,potato,0.5788841165100108
0,acre,cwt,0.6829091059732215
1,acre,potato,0.783763761671211
2,cwt,potato,0.5788841165100108
0,acre,cwt,0.6829091059732215
1,acre,potato,0.783763761671211
