,Row,Column,Value
0,keystone,oat,0.5545440157913495
2,oat,quaker,0.5592996720393336
1,keystone,quaker,0.7821647677427326
