,Row,Column,Value
1,fashion,pope,0.7344132073385888
2,pat,pope,0.7716942491362775
0,fashion,pat,0.7968219524904333
