,Row,Column,Value
4,door,klm,0.5102344298078909
7,klm,latter,0.5171218762612606
8,klm,parcel,0.5750666277573555
1,commonwealth,klm,0.5887764131654747
5,door,latter,0.6762468124438914
2,commonwealth,latter,0.7671229536116705
0,commonwealth,door,0.7686199366214732
6,door,parcel,0.7849926375584166
9,latter,parcel,0.8061277908269947
3,commonwealth,parcel,0.8351096815930046
