,Row,Column,Value
1,cetus,squibb,0.585570234844569
2,fildes,squibb,0.6351031191218925
0,cetus,fildes,0.708409948804043
1,cetus,squibb,0.585570234844569
2,fildes,squibb,0.6351031191218925
0,cetus,fildes,0.708409948804043
