,Row,Column,Value
2,princeville,qintex,0.5478115336018368
1,aloha,qintex,0.6051887295980447
0,aloha,princeville,0.6096321688559313
2,princeville,qintex,0.5478115336018368
1,aloha,qintex,0.6051887295980447
0,aloha,princeville,0.6096321688559313
