,Row,Column,Value
0,pittston,wtc,0.6623498925781495
0,pittston,wtc,0.6623498925781495
