,Row,Column,Value
1,bancgroup,dauphin,0.6916237604205199
0,bancgroup,colonial,0.6990750888465396
2,colonial,dauphin,0.8329254575081804
