,Row,Column,Value
4,hawkeye,na,0.5029315989554404
8,na,robusta,0.5312214937205642
5,hawkeye,pb,0.5523940796388132
9,pb,robusta,0.5574788821470742
2,cherry,pb,0.5893670147235536
7,na,pb,0.6034208620533797
6,hawkeye,robusta,0.6213584685702429
0,cherry,hawkeye,0.6422798835407975
1,cherry,na,0.6504423752418882
3,cherry,robusta,0.6638541158806891
