,Row,Column,Value
1,diagnostic,rospatch,0.7099282661707609
2,retrieval,rospatch,0.7184549415359557
0,diagnostic,retrieval,0.8553503998618457
1,diagnostic,rospatch,0.7099282661707609
2,retrieval,rospatch,0.7184549415359557
0,diagnostic,retrieval,0.8553503998618457
