,Row,Column,Value
3,jones,plain,0.62877066615377
0,adobe,jones,0.655214009520294
2,adobe,vulcan,0.726422958202323
4,jones,vulcan,0.7319333055758108
1,adobe,plain,0.7494527305373726
5,plain,vulcan,0.7804338735650949
