,Row,Column,Value
0,mattress,sealy,0.7526538892193805
0,mattress,sealy,0.7526538892193805
