,Row,Column,Value
1,atlanta,klm,0.5204869799119063
2,ford,klm,0.5830426468879004
0,atlanta,ford,0.6566799627454842
1,atlanta,klm,0.5204869799119063
2,ford,klm,0.5830426468879004
0,atlanta,ford,0.6566799627454842
