,Row,Column,Value
6,groote,school,0.438421393301358
8,heublein,school,0.4636390786147332
1,corby,heublein,0.46546652916023273
0,corby,groote,0.4989445763510501
5,groote,laidlaw,0.5313137571421637
3,corby,school,0.5465893915087181
4,groote,heublein,0.5572318914326033
7,heublein,laidlaw,0.5680444984487637
2,corby,laidlaw,0.6743566227733151
9,laidlaw,school,0.7222111130767158
