,Row,Column,Value
2,american_express,driel,0.5889453687171174
27,driel,fcoj,0.5973572729643899
28,driel,fruit,0.6033724356429236
32,driel,spinoff,0.6073100661402195
4,american_express,fruit,0.6135425077158192
19,bache,driel,0.6162301940056993
50,lewis,spinoff,0.6251227394113639
21,bache,fruit,0.6254140863289522
54,spinoff,van,0.6314011287427773
6,american_express,lewis,0.6377827164270096
42,fruit,shearson,0.6424068939091585
37,fcoj,shearson,0.6452590843363566
25,bache,spinoff,0.648337491607315
41,fruit,lewis,0.648782279834138
30,driel,lewis,0.6517223641565333
8,american_express,spinoff,0.6531254148941114
47,larry,spinoff,0.6551179518935881
33,driel,van,0.6616458042327675
1,american_express,bache,0.6616955768081282
11,apple,driel,0.662626624608833
52,shearson,spinoff,0.6633303987337859
7,american_express,shearson,0.6678756779622022
29,driel,larry,0.6694812862055534
44,fruit,van,0.6714598750748142
9,american_express,van,0.6733416146237006
34,fcoj,fruit,0.6746162549369125
38,fcoj,spinoff,0.6802764359737644
17,apple,spinoff,0.6829621012836653
26,bache,van,0.6853586130183096
5,american_express,larry,0.6873347525653499
20,bache,fcoj,0.6881341330385928
31,driel,shearson,0.6897491350126743
43,fruit,spinoff,0.6953597851298849
0,american_express,apple,0.6958361186717743
16,apple,shearson,0.7000618010674531
22,bache,larry,0.7089083190457675
36,fcoj,lewis,0.7094804605208169
3,american_express,fcoj,0.7120052369708764
53,shearson,van,0.7185471569486174
24,bache,shearson,0.7190227379806944
23,bache,lewis,0.7201652983052879
10,apple,bache,0.7241675516817508
12,apple,fcoj,0.7288896721523298
46,larry,shearson,0.7318861911787875
40,fruit,larry,0.7381284648786599
15,apple,lewis,0.7411026453292735
18,apple,van,0.7491192304026124
39,fcoj,van,0.762285269032711
35,fcoj,larry,0.7741472979267494
51,lewis,van,0.7806372468423342
45,larry,lewis,0.7812441643611627
13,apple,fruit,0.7917062825805232
49,lewis,shearson,0.7967979717613475
14,apple,larry,0.8238003725624871
48,larry,van,0.8307946736892657
