,Row,Column,Value
2,datagraphix,nursery,0.6215110689689686
1,anacomp,nursery,0.6681614826393517
0,anacomp,datagraphix,0.774387600412439
