,Row,Column,Value
6,carbide,et,0.34634498939084074
8,carbide,igon,0.39387043576084146
7,carbide,hre,0.4265777223281943
0,aga,carbide,0.4632886964144725
5,carbide,duffour,0.4803177888233174
9,duffour,et,0.5810821423417724
2,aga,et,0.6427951003565443
13,et,igon,0.6715134937168725
12,et,hre,0.6932095100117668
4,aga,igon,0.7306216988068521
11,duffour,igon,0.7401702774772755
1,aga,duffour,0.762189900149671
14,hre,igon,0.7739765851568341
10,duffour,hre,0.7827078906219854
3,aga,hre,0.797199847209975
