,Row,Column,Value
0,georgia,vogtle,0.5878323232104986
0,georgia,vogtle,0.5878323232104986
