,Row,Column,Value
0,doubtful,interfirst,0.5625468679790647
4,interfirst,republicbank,0.6035016311796281
3,interfirst,profit,0.6230797449589982
2,doubtful,republicbank,0.682581247061091
5,profit,republicbank,0.7077609483670685
1,doubtful,profit,0.7822095833416864
