,Row,Column,Value
0,hawkeye,rgc,0.6162078729225385
0,hawkeye,rgc,0.6162078729225385
