,Row,Column,Value
0,akzo,poulenc,0.43708674625027966
2,poulenc,rhone,0.4399758022896608
1,akzo,rhone,0.689139786750252
