,Row,Column,Value
9,rank,xerox,0.42420774302520875
3,basf,xerox,0.5078379330042415
6,conger,xerox,0.5112328773004955
8,homestake,xerox,0.5198534221946814
4,conger,homestake,0.5951314901289921
5,conger,rank,0.6042329918730408
0,basf,conger,0.6374175092363246
1,basf,homestake,0.7026537276597964
2,basf,rank,0.7092880301831516
7,homestake,rank,0.7137734241316172
