,Row,Column,Value
5,norton,sample,0.5662971994111899
3,insect,norton,0.6094900231967824
1,definition,norton,0.6414436092081829
4,insect,sample,0.6584787590333709
2,definition,sample,0.7258530327860389
0,definition,insect,0.7358188832589977
