,Row,Column,Value
9,rainfall,sao,0.4922492377575862
5,mm,rainfall,0.550145537133901
7,paulo,rainfall,0.5552623941306358
2,carlos,rainfall,0.5557011417436651
6,mm,sao,0.5621983916728146
3,carlos,sao,0.6135391722000167
0,carlos,mm,0.7106230335433334
4,mm,paulo,0.7309879200362626
8,paulo,sao,0.7442756496272308
1,carlos,paulo,0.8676159790496853
