,Row,Column,Value
7,pittston,pont,0.5778900608178271
4,du,pittston,0.5844562714589802
1,dd,pittston,0.5899992248059797
8,pittston,wtc,0.6623498925781495
9,pont,wtc,0.6912039742428002
2,dd,pont,0.7370334953928681
6,du,wtc,0.7655404397149539
3,dd,wtc,0.7886865165395177
5,du,pont,0.8113433061838896
0,dd,du,0.8159822948797185
