,Row,Column,Value
0,marwick,norton,0.5293934200675929
2,norton,peat,0.627608446093523
1,marwick,peat,0.6693937652349863
0,marwick,norton,0.5293934200675929
2,norton,peat,0.627608446093523
1,marwick,peat,0.6693937652349863
