,Row,Column,Value
0,heinz,history,0.6302086500723988
2,history,reilly,0.6394387553247556
1,heinz,reilly,0.8306660869476511
