,Row,Column,Value
4,fish,hoechst,0.41349041419151455
1,celanese,hoechst,0.4280851970482983
7,hoechst,meal,0.4384009714625348
2,celanese,meal,0.5010845488455663
0,celanese,fish,0.5746299424767229
8,hoechst,montedison,0.5749600227966449
3,celanese,montedison,0.6224870851327486
9,meal,montedison,0.6569304884882406
6,fish,montedison,0.6639163464861988
5,fish,meal,0.684463324136633
