,Row,Column,Value
1,astra,sao,0.47327870765793945
2,mm,sao,0.5621983916728146
0,astra,mm,0.5935872399823183
