,Row,Column,Value
1,probable,sigma,0.7100884878747599
2,proven,sigma,0.7692647836057761
0,probable,proven,0.8645784081859195
1,probable,sigma,0.7100884878747599
2,proven,sigma,0.7692647836057761
0,probable,proven,0.8645784081859195
