,Row,Column,Value
3,michigan,rte,0.5738377243620276
5,rte,sealy,0.5980660033030454
0,mattress,michigan,0.6616723836258184
4,michigan,sealy,0.6797156964740297
1,mattress,rte,0.7096041660284143
2,mattress,sealy,0.7526538892193805
