,Row,Column,Value
1,funding,victor,0.6760712712524783
0,funding,horizon,0.6904627414476824
2,horizon,victor,0.8367003294865749
1,funding,victor,0.6760712712524783
0,funding,horizon,0.6904627414476824
2,horizon,victor,0.8367003294865749
