,Row,Column,Value
3,grenfell,stewart,0.5331258439532214
4,grenfell,willis,0.538723302940933
0,faber,grenfell,0.563862994331154
1,faber,stewart,0.6123330062066106
2,faber,willis,0.6472308571662013
5,stewart,willis,0.909084897950808
3,grenfell,stewart,0.5331258439532214
4,grenfell,willis,0.538723302940933
0,faber,grenfell,0.563862994331154
1,faber,stewart,0.6123330062066106
2,faber,willis,0.6472308571662013
5,stewart,willis,0.909084897950808
