,Row,Column,Value
8,han,pcr,0.5545199152042162
9,hanson,pcr,0.5639747726801646
3,beverage,pcr,0.5992693799095867
6,cement,pcr,0.6050662509284271
5,cement,hanson,0.7280811126932895
4,cement,han,0.7948103726309086
1,beverage,han,0.8059433088249919
7,han,hanson,0.8070845268292907
2,beverage,hanson,0.8074577598323998
0,beverage,cement,0.8090783634992592
