,Row,Column,Value
2,iv,massachusetts,0.6072765775255798
0,baird,iv,0.6633483158609246
1,baird,massachusetts,0.7063268886712841
