,Row,Column,Value
2,pb,robusta,0.5574788821470742
0,cherry,pb,0.5893670147235536
1,cherry,robusta,0.6638541158806891
